iter_count,test_loss_all,test_accuracy_all
1,0.5222173733181423,0.8844444444444445
2,0.5222173733181423,0.8844444444444445
3,0.5222173733181423,0.8844444444444445
4,0.5222173055013021,0.8844444444444445
5,0.5222173055013021,0.8844444444444445
6,0.5222173055013021,0.8844444444444445
7,0.5222173733181423,0.8844444444444445
8,0.5222174072265625,0.8844444444444445
9,0.5222173733181423,0.8844444444444445
10,0.5222173733181423,0.8844444444444445
