iter_count,test_loss_all,test_accuracy_all
1,0.39639383951822915,0.9044444444444445
2,0.3963939412434896,0.9044444444444445
3,0.39639390733506946,0.9044444444444445
4,0.39639383951822915,0.9044444444444445
5,0.3963938734266493,0.9044444444444445
6,0.3963939412434896,0.9044444444444445
7,0.39639390733506946,0.9044444444444445
8,0.39639390733506946,0.9044444444444445
9,0.39639383951822915,0.9044444444444445
10,0.3963938734266493,0.9044444444444445
