iter_count,test_loss_all,test_accuracy_all
1,0.5573728312030698,0.8920053003533569
2,0.5573727772850873,0.8920053003533569
3,0.5573728312030698,0.8920053003533569
4,0.5573727772850873,0.8920053003533569
5,0.5573727772850873,0.8920053003533569
