iter_count,test_loss_all,test_accuracy_all
1,0.27592425876193577,0.9422222222222222
2,0.275924326578776,0.9422222222222222
3,0.2759242926703559,0.9422222222222222
4,0.27592425876193577,0.9422222222222222
5,0.2759242926703559,0.9422222222222222
6,0.275924326578776,0.9422222222222222
7,0.27592425876193577,0.9422222222222222
8,0.2759242926703559,0.9422222222222222
9,0.2759242926703559,0.9422222222222222
10,0.2759242926703559,0.9422222222222222
