iter_count,test_loss_all,test_accuracy_all
1,0.0027019731147550443,0.8747791519434629
2,0.0015523107228767746,0.8747791519434629
3,0.009983420793243516,0.8747791519434629
4,0.007030548139511486,0.8747791519434629
5,0.0007101738621405072,0.8747791519434629
