iter_count,test_loss_all,test_accuracy_all
1,0.3104034423828125,0.9377777777777778
2,0.31040340847439235,0.9377777777777778
3,0.3104034423828125,0.9377777777777778
4,0.3104034423828125,0.9377777777777778
5,0.31040347629123266,0.9377777777777778
6,0.3104034423828125,0.9377777777777778
7,0.3104034423828125,0.9377777777777778
8,0.3104034423828125,0.9377777777777778
9,0.31040347629123266,0.9377777777777778
10,0.31040340847439235,0.9377777777777778
